<modification>
    <name>ArunaCustomInjection</name>
    <code>ArunaCustomInjection</code>
    <version>1.0</version>
    <author>iSellSoft Team</author>
    <file path="catalog/view/theme/*/template/common/header.twig">
	<operation error="skip"> 
	    <search><![CDATA[</head>]]></search>
	    <add offset="0" position="before"><![CDATA[
                        <link href="catalog/view/javascript/aruna/aruna_custom.css" rel="stylesheet">
			<script src="catalog/view/javascript/aruna/aruna_custom.js" type="text/javascript"></script> 
			]]></add>
	</operation>
    </file>
    <file path="catalog/model/catalog/product.php">
	<operation error="skip"> 
	    <search><![CDATA[$implode[] = "pd.name LIKE '%" . $this->db->escape($word) . "%']]></search>
	    <add offset="0" position="replace"><![CDATA[$implode[] = "pd.name LIKE '%" . $this->db->escape($word) . "%' OR p.model LIKE '%" . $this->db->escape($word) . "%']]></add>
	</operation>
    </file>
    <file path="catalog/controller/common/header.php">
	<operation error="skip"> 
	    <search><![CDATA[return $this->load->view('common/header', $data);]]></search>
	    <add position="before"><![CDATA[
	$data['edit'] = $this->url->link('account/edit', '', true);
                
                if ($this->customer->isLogged()) {
			
			$this->load->model('account/customer');
			$this->load->model('tool/image');
			
			$data['customer_info'] = $this->model_account_customer->getCustomer($this->customer->getId());
			if ($data['customer_info']['custom_field'] && !empty($data['customer_info']) && !empty(json_decode($data['customer_info']['custom_field'], true))) {
				
				$data['field_addimage'] = json_decode($data['customer_info']['custom_field'], true);
				$data['thumbUrl'] = $this->model_tool_image->resize($data['field_addimage']['profileimage'], 100, 100);
			} else {
				$data['thumbUrl'] = 'image/placeholder.png';
				
			}
		}
                
]]></add>
	</operation>
    </file>
    
     <!--
   ====================
   FORGOTTEN PAGE 
   =================
   --> 
    <file path="catalog/view/theme/default/template/account/forgotten.twig">
        <operation error="skip">
            <search ><![CDATA[
<h1>{{ heading_title }}</h1>
]]>
            </search>
            <add position="replace"><![CDATA[ ]]></add>
        </operation>
         <operation error="skip">
            <search ><![CDATA[
             <p>{{ text_email }}</p>
        ]]>
            </search>
            <add position="replace"><![CDATA[ ]]></add>
            </operation>
         <operation error="skip">
            <search ><![CDATA[
             <form action="{{ action }}" method="post" enctype="multipart/form-data" class="form-horizontal">
        ]]>
            </search>
            <add position="after"><![CDATA[ <div class="well_logo"><img src="https://aruna.market/image/catalog/aruna/logos/aruna_logo.png"></div>]]></add>
            </operation>
            <operation error="skip">
                <search ><![CDATA[
                         <legend>{{ text_your_email }}</legend>
                 ]]>
                </search>
                <add position="after"><![CDATA[
                    <div id="error_empty_field" style="display:none; color: red">{{ error_empty_field }}</div>
                ]]></add>
            </operation>
            <operation error="skip">
                <search><![CDATA[
                         {{ content_bottom }}
                 ]]>
                </search>
                <add position="replace"><![CDATA[ ]]></add>
            </operation>
            <operation error="skip">
                <search><![CDATA[
                         {{ footer }}
                 ]]>
                </search>
                <add position="after"><![CDATA[
                <script>
    $('.form-horizontal').on('submit', function(event){
        $('#error_empty_field').hide();
        var email = $('#input-email').val();
        if (email == ""){
            event.preventDefault();
            $('#error_empty_field').show();
            return false;
        }else{
            return true;
        }
    });
    </script>
            ]]></add>
            </operation>
    </file>
   <!--
   ====================
   LOGIN PAGE 
   =================
   --> 
   <file path="catalog/view/theme/so-emarket/template/account/login.twig">
        <operation error="skip">
            <search ><![CDATA[
 <!--{{ header }}-->
]]>
            </search>
            <add position="replace"><![CDATA[
{{ header }}
]]></add>
        </operation>
         <operation error="skip">
            <search ><![CDATA[
             <h2>{{ text_returning_customer }}</h2>
        ]]>
            </search>
            <add position="replace"><![CDATA[ ]]></add>
            </operation>
         <operation error="skip">
            <search ><![CDATA[
             <p><strong>{{ text_i_am_returning_customer }}</strong></p>
        ]]>
            </search>
            <add position="replace"><![CDATA[<div class="well_logo"><img src="https://aruna.market/image/catalog/aruna/logos/aruna_logo.png"></div>]]></add>
            </operation>
	    <operation error="skip">
            <search ><![CDATA[
             <input type="submit" value="{{ button_login }}" class="btn btn-primary" />
        ]]>
            </search>
            <add position="after"><![CDATA[<a href="{{ register }}" class="btn btn-primary">{{ button_register }}</a></div>]]></add>
        </operation>
            <operation error="skip">
                <search ><![CDATA[
                         <a href="{{ forgotten }}">{{ text_forgotten }}</a></div>
                 ]]>
                </search>
                <add position="after"><![CDATA[
                    {{ content_bottom }}
                ]]></add>
            </operation>
            <operation error="skip">
                <search index="7"><![CDATA[
                         </div>
                 ]]>
                </search>
                <add position="after"><![CDATA[
                    <div class="subwell" style="background-color:grey"></div>
                    <div>
                     <a class="subwell_link" href="//aruna.market/" >{{home_page}}</a>
                     <a class="subwell_link" href="//aruna.market/index.php?route=information/information&information_id=3">{{privacy_policy}}</a>
                    </div>
                ]]></add>
            </operation>
    </file>
     <!--
   ====================
   FILTER OPTIMIZTAION
   =================
   --> 
    <file path="catalog/view/theme/default/template/extension/module/filter.twig">
        <operation error="log">
            <search ><![CDATA[
 <div class="list-group"> {% for filter_group in filter_groups %} <a class="list-group-item">{{ filter_group.name }}</a>
]]>
            </search>
            <add position="replace"><![CDATA[
 <div class="list-group"> {% for filter_group in filter_groups %} 
            <a class="list-group-item a" id="list-group-item_{{ filter_group.filter_group_id }}" data-toggle="collapse" href="#collapse_{{ filter_group.filter_group_id }}">{{ filter_group.name }}
                <i class="fa fa-check-square" style="color:#5aa4ed; display:none"></i>
                <span style="float:right; transform: rotate(90deg);     margin: 5%;" class="caret"></span>
            </a>
]]></add>
        </operation>
         <operation error="log">
            <search ><![CDATA[
                    <div id="filter-group{{ filter_group.filter_group_id }}">{% for filter in filter_group.filter %}
        ]]>
            </search>
            <add position="replace"><![CDATA[
                <div id="collapse_{{ filter_group.filter_group_id }}" class="panel-collapse collapse">{% for filter in filter_group.filter %}
                ]]></add>
            </operation>
            <operation error="log">
                <search ><![CDATA[
                        </script> 
                 ]]>
                </search>
                <add position="after"><![CDATA[
                    <script type="text/javascript">
    $( document ).ready(function() {
        var boxes = $('input[name^=\'filter\']:checked');
        
        if (boxes.length > 0){
            for (var i = 0; i<boxes.length; i++){
                $(boxes[i].parentElement.parentElement.parentElement).removeClass('collapse');
                $(boxes[i].parentElement.parentElement.parentElement).addClass('collapse in');
                $(boxes[i].parentElement.parentElement.parentElement.parentElement.previousElementSibling.firstElementChild).css('display', "inline-block");
                $(boxes[i].parentElement.parentElement.parentElement.parentElement.previousElementSibling.lastElementChild).css( "transform", "rotate(0deg)");
            }
        }
    });
    $('.list-group-item.a').on('click', function(){
        var caret = "#" + event.target.id + ' span' ; 
        console.log(event.target);
        if(event.target.nextElementSibling.lastElementChild.className === "panel-collapse collapse in" || event.target.nextElementSibling.firstElementChild.className === "panel-collapse in collapse"){
           $( caret ).css( "transform", "rotate(90deg)" );
           return;
        };
        if(event.target.nextElementSibling.lastElementChild.className === "panel-collapse collapse"){
           $( caret ).css( "transform", "rotate(0deg)");  
           return;
        };
    });
    
</script> 
                ]]></add>
            </operation>

    </file>
    
</modification>
