<modification>
	<name><![CDATA[iSellSoft-SellerSync]]></name>
	<code><![CDATA[iSellSoft-SellerSync]]></code>
	<version>1.0</version>
	<author>iSellSoft</author>
	<file path="catalog/view/theme/default/template/account/purpletree_multivendor/dashboardicons.twig">
		<operation error="skip">
			<search><![CDATA[<div class="col-md-3 col-sm-6 col-xs-6" style='display:none'></div>
                        ]]>
                        </search>
			<add position="replace" offset="0"><![CDATA[ 
                            <div class="col-md-3 col-sm-6 col-xs-6">
                                    <a class="boxicon--default" href="{{ sellerparserlist }}">
                                        <span class="icon_cart">  <i class="fa fa-cloud-download" aria-hidden="true"></i></span>
                                        <h4>{{ text_SellerParserList }}</h4>
                                    </a>
                                </div>
			]]></add>
		</operation>
	</file>
        <file path="catalog/controller/extension/account/purpletree_multivendor/dashboardicons.php">
		<operation error="skip">
			<search><![CDATA[ $data['sellerproduct'] = $this->url->link('extension/account/purpletree_multivendor/sellerproduct', '', true);
                        ]]>
                        </search>
			<add position="after" offset="0"><![CDATA[ 
                            $data['sellerparserlist'] = $this->url->link('extension/aruna/sellerparserlist', '', true);
			]]></add>
		</operation>
	</file>
</modification>
