<?xml version="1.0" encoding="UTF-8"?>
<modification>
    <code>ArunaLoginPage</code>
    <name>ArunaLoginPage</name>
    <version>1.0</version>
    <author>AdamHider</author>
     <file path="catalog/view/theme/so-emarket/template/account/login.twig">
        <operation error="skip">
            <search ><![CDATA[
 <!--{{ header }}-->
]]>
            </search>
            <add position="replace"><![CDATA[
{{ header }}
]]></add>
        </operation>
         <operation error="skip">
            <search ><![CDATA[
             <h2>{{ text_returning_customer }}</h2>
        ]]>
            </search>
            <add position="replace"><![CDATA[ ]]></add>
            </operation>
         <operation error="skip">
            <search ><![CDATA[
             <p><strong>{{ text_i_am_returning_customer }}</strong></p>
        ]]>
            </search>
            <add position="replace"><![CDATA[<div class="well_logo"><img src="https://aruna.market/image/catalog/aruna/logos/aruna_logo.png"></div>]]></add>
            </operation>
	    <operation error="skip">
            <search ><![CDATA[
             <input type="submit" value="{{ button_login }}" class="btn btn-primary" />
        ]]>
            </search>
            <add position="after"><![CDATA[<a href="{{ register }}" class="btn btn-primary">{{ button_register }}</a></div>]]></add>
        </operation>
            <operation error="skip">
                <search ><![CDATA[
                         <a href="{{ forgotten }}">{{ text_forgotten }}</a></div>
                 ]]>
                </search>
                <add position="after"><![CDATA[
                    {{ content_bottom }}
                ]]></add>
            </operation>
            <operation error="skip">
                <search index="7"><![CDATA[
                         </div>
                 ]]>
                </search>
                <add position="after"><![CDATA[
                    <div class="subwell" style="background-color:grey"></div>
                    <div>
                     <a class="subwell_link" href="//aruna.market/" >{{home_page}}</a>
                     <a class="subwell_link" href="//aruna.market/index.php?route=information/information&information_id=3">{{privacy_policy}}</a>
                    </div>
                ]]></add>
            </operation>
    </file>
</modification>