<?xml version="1.0" encoding="UTF-8"?>
<modification>
    <code>ArunaForgottenPage</code>
    <name>ArunaForgottenPage</name>
    <version>1.0</version>
    <author>AdamHider</author>
     <file path="catalog/view/theme/default/template/account/forgotten.twig">
        <operation error="skip">
            <search ><![CDATA[
<h1>{{ heading_title }}</h1>
]]>
            </search>
            <add position="replace"><![CDATA[ ]]></add>
        </operation>
         <operation error="skip">
            <search ><![CDATA[
             <p>{{ text_email }}</p>
        ]]>
            </search>
            <add position="replace"><![CDATA[ ]]></add>
            </operation>
         <operation error="skip">
            <search ><![CDATA[
             <form action="{{ action }}" method="post" enctype="multipart/form-data" class="form-horizontal">
        ]]>
            </search>
            <add position="after"><![CDATA[ <div class="well_logo"><img src="https://aruna.market/image/catalog/aruna/logos/aruna_logo.png"></div>]]></add>
            </operation>
            <operation error="skip">
                <search ><![CDATA[
                         <legend>{{ text_your_email }}</legend>
                 ]]>
                </search>
                <add position="after"><![CDATA[
                    <div id="error_empty_field" style="display:none; color: red">{{ error_empty_field }}</div>
                ]]></add>
            </operation>
            <operation error="skip">
                <search><![CDATA[
                         {{ content_bottom }}
                 ]]>
                </search>
                <add position="replace"><![CDATA[ ]]></add>
            </operation>
            <operation error="skip">
                <search><![CDATA[
                         {{ footer }}
                 ]]>
                </search>
                <add position="after"><![CDATA[
                <script>
    $('.form-horizontal').on('submit', function(event){
        $('#error_empty_field').hide();
        var email = $('#input-email').val();
        if (email == ""){
            event.preventDefault();
            $('#error_empty_field').show();
            return false;
        }else{
            return true;
        }
    });
    </script>
            ]]></add>
            </operation>
    </file>
</modification>