<modification>
	<name>arunaCustomCSS</name>
	<code>arunaCustomCSS</code>
	<version>0.1</version>
	<author>Aruna</author>
	<file path="catalog/view/theme/*/template/common/header.twig">
		<operation error="skip"> 
			<search><![CDATA[<base]]></search>
			<add offset="0" position="before"><![CDATA[
                        <link href="catalog/view/theme/default/stylesheet/aruna/aruna_custom.css" rel="stylesheet">
			]]></add>
		</operation>
	</file>
	 <file path="catalog/view/theme/so-emarket/template/product/product.twig">
		<operation error="skip">
			<search><![CDATA[ {% for attribute in attribute_group.attribute %} <li class="property-item">
                                    <span class="propery-title">{{ attribute.name }}</span>
                                    <span class="propery-des">{{ attribute.text }}</span>
                                  </li>
                                  {% endfor %}]]>
                        </search>
			<add position="replace" offset="0"><![CDATA[ {% for attribute in attribute_group.attribute %}
                                                            <li class="property-item">
                                                              <span class="propery-title">{{ attribute_group.name }}</span>
                                                              <span class="propery-des">{{ attribute.name }}</span>
                                                            </li>
                                                            {% endfor %}
			]]></add>
		</operation>
	</file>
</modification>
