<modification>
    <name>ArunaSellerSync</name>
    <version>31.11.2018</version>
    <author>Aruna</author>
    <code>ArunaSellerSync</code>
    <file path="catalog/view/theme/default/template/account/purpletree_multivendor/dashboardicons.twig">
	<operation error="skip">
	    <search><![CDATA[ <a href="{{ sellerproduct }}"><img src="image/catalog/dashboardicon/myfinacle.png" class="sellerAccountImg"/>{{ text_Manage_products }}</a><br>
                        ]]>
	    </search>
	    <add position="after" offset="0"><![CDATA[ 
                            <a href="{{ sellerparserlist }}"><img src="image/catalog/dashboardicon/icon-prepaid.png" class="sellerAccountImg"/>Синхронизация</a><br>
			]]></add>
	</operation>
    </file>
    <file path="catalog/controller/extension/account/purpletree_multivendor/dashboardicons.php">
	<operation error="skip">
	    <search><![CDATA[ $data['sellerproduct'] = $this->url->link('extension/account/purpletree_multivendor/sellerproduct', '', true);
                        ]]>
	    </search>
	    <add position="after" offset="0"><![CDATA[ 
                            $data['sellerparserlist'] = $this->url->link('extension/aruna/sellerparserlist', '', true);
			]]></add>
	</operation>
    </file>
</modification>
