<modification>
	<name>ArunaCustomInjection</name>
	<code>ArunaCustomInjection</code>
	<version>0.9</version>
	<author>ArunaTeam</author>
	 <file path="catalog/view/theme/*/template/product/product.twig">
		<operation error="skip">
		<search><![CDATA[attribute.name
		]]>
		</search>
		<add position="replace" offset="0"><![CDATA[attribute_group.name
		]]>
		</add>
		</operation>
	</file>
  <file path="catalog/view/theme/*/template/product/product.twig">
		<operation error="skip">
		<search><![CDATA[attribute.text
		]]>
		</search>
		<add position="replace" offset="0"><![CDATA[attribute.name
		]]>
		</add>
		</operation>
	</file>
	<file path="catalog/view/theme/*/template/common/header.twig">
		<operation error="skip"> 
			<search><![CDATA[<base]]></search>
			<add offset="0" position="before"><![CDATA[
                        <link href="catalog/view/theme/default/stylesheet/aruna/aruna_custom.css" rel="stylesheet">
			<script src="catalog/view/javascript/aruna/aruna_custom.js" type="text/javascript"></script> 
			]]></add>
		</operation>
	</file>
</modification>
