<?xml version="1.0" encoding="UTF-8"?>
<modification>
    <code>Filter Optimization</code>
    <name>Filter Optimization</name>
    <version>1.0</version>
    <author>AdamHiders</author>
     <file path="catalog/view/theme/default/template/extension/module/filter.twig">
        <operation error="log">
            <search ><![CDATA[
 <div class="list-group"> {% for filter_group in filter_groups %} <a class="list-group-item">{{ filter_group.name }}</a>
]]>
            </search>
            <add position="replace"><![CDATA[
 <div class="list-group"> {% for filter_group in filter_groups %} 
            <a class="list-group-item a" id="list-group-item_{{ filter_group.filter_group_id }}" data-toggle="collapse" href="#collapse_{{ filter_group.filter_group_id }}">{{ filter_group.name }}
                <i class="fa fa-check-square" style="color:#5aa4ed; display:none"></i>
                <span style="float:right; transform: rotate(90deg);     margin: 5%;" class="caret"></span>
            </a>
]]></add>
        </operation>
         <operation error="log">
            <search ><![CDATA[
                    <div id="filter-group{{ filter_group.filter_group_id }}">{% for filter in filter_group.filter %}
        ]]>
            </search>
            <add position="replace"><![CDATA[
                <div id="collapse_{{ filter_group.filter_group_id }}" class="panel-collapse collapse">{% for filter in filter_group.filter %}
                ]]></add>
            </operation>
            <operation error="log">
                <search ><![CDATA[
                        </script> 
                 ]]>
                </search>
                <add position="after"><![CDATA[
                    <script type="text/javascript">
    $( document ).ready(function() {
        var boxes = $('input[name^=\'filter\']:checked');
        
        if (boxes.length > 0){
            for (var i = 0; i<boxes.length; i++){
                $(boxes[i].parentElement.parentElement.parentElement).removeClass('collapse');
                $(boxes[i].parentElement.parentElement.parentElement).addClass('collapse in');
                $(boxes[i].parentElement.parentElement.parentElement.parentElement.previousElementSibling.firstElementChild).css('display', "inline-block");
                $(boxes[i].parentElement.parentElement.parentElement.parentElement.previousElementSibling.lastElementChild).css( "transform", "rotate(0deg)");
            }
        }
    });
    $('.list-group-item.a').on('click', function(){
        var caret = "#" + event.target.id + ' span' ; 
        console.log(event.target);
        if(event.target.nextElementSibling.lastElementChild.className === "panel-collapse collapse in" || event.target.nextElementSibling.firstElementChild.className === "panel-collapse in collapse"){
           $( caret ).css( "transform", "rotate(90deg)" );
           return;
        };
        if(event.target.nextElementSibling.lastElementChild.className === "panel-collapse collapse"){
           $( caret ).css( "transform", "rotate(0deg)");  
           return;
        };
    });
    
</script> 
                ]]></add>
            </operation>

    </file>

</modification>