<modification>
    <name>ArunaCustomCode</name>
    <code>ArunaCustomCode</code>
    <version>30.11.18</version>
    <author>ArunaTeam</author>
    <file path="catalog/view/theme/*/template/common/header.twig">
	<operation error="skip"> 
	    <search><![CDATA[</head>]]></search>
	    <add offset="0" position="before"><![CDATA[
			<script src="catalog/view/javascript/aruna/aruna_custom.js" type="text/javascript"></script>  
                        <script src="catalog/view/javascript/aruna/sw.js" type="text/javascript"></script>
			<link href="catalog/view/javascript/aruna/aruna_custom.css" rel="stylesheet">  
			]]></add>
	</operation>
    </file>
    <file path="catalog/view/theme/so-emarket/template/product/product.twig">
	<operation error="skip">
	    <search><![CDATA[ {% for attribute in attribute_group.attribute %} <li class="property-item">
                                    <span class="propery-title">{{ attribute.name }}</span>
                                    <span class="propery-des">{{ attribute.text }}</span>
                                  </li>
                                  {% endfor %}]]>
	    </search>
	    <add position="replace" offset="0"><![CDATA[ {% for attribute in attribute_group.attribute %}
                                                            <li class="property-item">
                                                              <span class="propery-title">{{ attribute_group.name }}</span>
                                                              <span class="propery-des">{{ attribute.name }}</span>
                                                            </li>
                                                            {% endfor %}
			]]></add>
	</operation>
    </file>
</modification>
