<modification>
    <name>ArunaSellerProduct</name>
    <code>ArunaSellerProduct</code>
    <version>1.0</version>
    <author>Adam_Hider</author>
    <file path="catalog/controller/extension/module/purpletree_sellerpanel.php">
	<operation error="skip">
	    <search><![CDATA[$data['sellerproduct'] = $this->url->link('extension/account/purpletree_multivendor/sellerproduct', '', true);]]></search>
	    <add position="replace" offset="0"><![CDATA[$data['sellerproduct'] = $this->url->link('extension/aruna/sellerproduct', '', true);]]></add>
	</operation>
    </file>
    <file path="catalog/controller/extension/account/purpletree_multivendor/dashboardicons.php">
	<operation error="skip">
	    <search><![CDATA[$data['sellerproduct'] = $this->url->link('extension/account/purpletree_multivendor/sellerproduct', '', true);]]></search>
	    <add position="replace" offset="0"><![CDATA[$data['sellerproduct'] = $this->url->link('extension/aruna/sellerproduct', '', true);]]></add>
	</operation>
    </file>
</modification>
