<modification>
    <name><![CDATA[ArunaSellerSync]]></name>
    <version><![CDATA[1.01]]></version>
    <author><![CDATA[Aruna]]></author>
    <code><![CDATA[ArunaSellerSync]]></code>
    <file path="catalog/view/theme/*/template/account/purpletree_multivendor/dashboardicons.twig">
	<operation error="skip">
	    <search><![CDATA[{{ text_Manage_products }}</a><br>]]>
	    </search>
	    <add position="after" offset="0"><![CDATA[<a href="{{ sellerparserlist }}"><img src="image/catalog/dashboardicon/icon-prepaid.png" class="sellerAccountImg"/>Синхронизация</a><br>]]></add>
	</operation>
    </file>
    <file path="catalog/controller/extension/account/purpletree_multivendor/dashboardicons.php">
	<operation error="skip">
	    <search><![CDATA[ $this->url->link('extension/account/purpletree_multivendor/sellerproduct', '', true);]]>
	    </search>
	    <add position="after" offset="0"><![CDATA[
                            $data['sellerparserlist'] = $this->url->link('extension/aruna/sellerparserlist', '', true);
			]]></add>
	</operation>
    </file>
</modification>
